mmp_bundle_id,os,device_model,osv,login_rate_pct,median_install_to_login_min,p75_install_to_login_min
id1470173983,IOS,iPhone16Pro,18.5,50.0,16.0,29.0
id1470173983,IOS,iPad,17.5.1,60.0,34.0,108.0
id1470173983,IOS,"iPhone14,5",26.2.1,63.6,29.0,94.0
id1470173983,IOS,"iPhone15,2",18.6.2,68.8,17.0,40.0
id1470173983,IOS,iPhone17,26.1,70.0,12.0,43.0
id1470173983,IOS,"iPhone15,4",18.6.2,70.0,21.0,28.0
id1470173983,IOS,iPhone16Pro,26.1,70.0,33.0,209.0
id1470173983,IOS,"iPhone14,8",26.3,71.4,21.0,74.0
id1470173983,IOS,"iPhone13,2",26.3,72.7,21.0,82.0
id1470173983,IOS,"iPhone14,2",18.6.2,72.7,75.0,95.0
id1470173983,IOS,"iPhone16,1",26.2.1,74.2,17.0,29.0
id1470173983,IOS,"iPhone14,2",26.2.1,75.0,12.0,19.0
id1470173983,IOS,"iPhone14,5",26.3.1,75.0,16.0,125.0
id1470173983,IOS,"iPhone15,4",26.3,75.8,17.0,47.0
id1470173983,IOS,"iPhone15,2",26.2.1,76.2,21.0,74.0
id1470173983,IOS,iPhone16Pro,18.6.2,76.2,18.0,22.0
id1470173983,IOS,"iPhone14,5",26.3,76.3,13.0,62.0
id1470173983,IOS,"iPhone16,1",18.6.2,76.9,11.0,60.0
id1470173983,IOS,"iPhone14,7",26.3,77.3,14.0,38.0
id1470173983,IOS,iPhone,26.2.1,78.3,15.0,43.0
id1470173983,IOS,"iPhone15,2",26.2,78.6,19.0,70.0
id1470173983,IOS,"iPhone14,4",26.3.1,78.9,14.0,28.0
id1470173983,IOS,iPhone,18.5,80.0,18.0,41.0
id1470173983,IOS,"iPhone14,5",18.6.2,80.0,32.0,736.0
id1470173983,IOS,iPad,18.6.2,81.6,15.0,26.0
id1470173983,IOS,"iPhone16,1",18.5,81.8,23.0,78.0
id1470173983,IOS,"iPhone13,3",26.3,82.8,41.0,106.0
id1470173983,IOS,"iPhone14,4",26.3,82.9,16.0,28.0
id1470173983,IOS,"iPhone13,1",26.3.1,83.3,14.0,51.0
id1470173983,IOS,iPhone17Pro,26.2.1,83.3,14.0,38.0
id1470173983,IOS,iPhone16ProMax,26.2.1,84.2,11.0,75.0
id1470173983,IOS,iPhone16,26.2,84.6,15.0,25.0
id1470173983,IOS,"iPhone14,7",18.6.2,84.6,34.0,253.0
id1470173983,IOS,"iPhone16,1",26.2,84.6,13.0,24.0
id1470173983,IOS,iPhone17ProMax,26.3,84.7,11.0,21.0
id1470173983,IOS,iPad,26.2.1,85.0,20.0,54.0
id1470173983,IOS,iPhone16,26.2.1,85.0,12.0,21.0
id1470173983,IOS,"iPhone15,3",26.3.1,85.0,13.0,24.0
id1470173983,IOS,iPhone17ProMax,26.3.1,85.1,12.0,41.0
id1470173983,IOS,"iPhone15,2",26.3,85.4,11.0,45.0
id1470173983,IOS,iPhone16,26.3,85.4,15.0,36.0
id1470173983,IOS,"iPhone13,4",26.3,85.7,19.0,41.0
id1470173983,IOS,iPhone,26.3.1,85.7,11.0,20.0
id1470173983,IOS,iPad,26.4,85.7,26.0,158.0
id1470173983,IOS,iPhone16ProMax,26.2,85.7,30.0,86.0
id1470173983,IOS,"iPhone14,2",26.3,86.0,12.0,30.0
id1470173983,IOS,iPhone,26.3,86.1,14.0,38.0
id1470173983,IOS,iPhone17Pro,26.2,86.2,17.0,35.0
id1470173983,IOS,iPhone16Pro,26.3,86.3,11.0,38.0
id1470173983,IOS,iPhone17Pro,26.1,86.7,12.0,21.0
id1470173983,IOS,"iPhone15,3",26.3,87.2,15.0,35.0
id1470173983,IOS,iPhone,26.2,87.5,14.0,28.0
id1470173983,IOS,"iPhone15,2",26.3.1,87.9,17.0,48.0
id1470173983,IOS,iPhone16Pro,26.2.1,87.9,14.0,28.0
id1470173983,IOS,"iPhone16,1",26.3,87.9,13.0,33.0
id1470173983,IOS,iPhone17,26.3.1,88.6,14.0,34.0
id1470173983,IOS,iPad,26.3,88.9,15.0,37.0
id1470173983,IOS,iPhone16ProMax,26.3,88.9,13.0,24.0
id1470173983,IOS,iPhone,26.4,88.9,25.0,139.0
id1470173983,IOS,iPhone17Pro,26.3.1,89.6,14.0,29.0
id1470173983,IOS,iPad,26.3.1,89.7,17.0,42.0
id1470173983,IOS,iPhone,18.6.2,90.0,26.0,55.0
id1470173983,IOS,iPad,18.3.2,90.0,16.0,49.0
id1470173983,IOS,iPhone16,18.6.2,90.0,15.0,34.0
id1470173983,IOS,"iPhone14,3",26.3.1,90.0,18.0,150.0
id1470173983,IOS,"iPhone14,2",26.3.1,90.6,11.0,31.0
id1470173983,IOS,iPhone17,26.3,90.6,11.0,21.0
id1470173983,IOS,"iPhone16,1",26.3.1,90.8,16.0,43.0
id1470173983,IOS,"iPhone16,2",18.6.2,90.9,18.0,68.0
id1470173983,IOS,iPhone17Pro,26.3,91.1,11.0,22.0
id1470173983,IOS,iPhone16Pro,26.3.1,91.1,14.0,31.0
id1470173983,IOS,iPad,18.5,91.1,14.0,31.0
id1470173983,IOS,"iPhone15,4",26.2.1,91.7,18.0,45.0
id1470173983,IOS,"iPhone14,3",26.3,92.6,24.0,42.0
id1470173983,IOS,"iPhone13,1",26.3,92.9,16.0,34.0
id1470173983,IOS,iPad,17.7.10,93.3,17.0,21.0
id1470173983,IOS,iPhone16,26.3.1,93.3,16.0,36.0
id1470173983,IOS,iPhone17,26.2,93.8,16.0,29.0
id1470173983,IOS,"iPhone14,7",26.3.1,94.4,20.0,47.0
id1470173983,IOS,"iPhone13,3",26.3.1,95.0,13.0,27.0
id1470173983,IOS,iPad,18.6,100.0,17.0,30.0
id6737178160,IOS,iPad,17.7.10,90.9,467.0,467.0
id6737178160,IOS,"iPhone14,8",26.3,92.3,29.0,29.0
id6737178160,IOS,"iPhone16,2",26.3,100.0,16.0,95.0
id6738109752,IOS,"iPhone14,2",16.3.1,81.8,1107.0,1107.0
id6738109752,IOS,"iPhone11,8",18.4,90.9,147.0,147.0
id6738109752,IOS,"iPhone14,7",16.3.1,90.9,492.0,492.0
id6738109752,IOS,iPad,16.2,91.7,38.0,174.0
id6738109752,IOS,"iPhone10,2",16.7.8,91.7,119.0,119.0
id6738109752,IOS,"iPhone16,2",17.4.1,91.7,14.0,37.0
id6738109752,IOS,iPhone16,18.2,92.3,17.0,234.0
id6738109752,IOS,"iPhone14,6",18.7.1,92.3,67.0,68.0
id6738109752,IOS,"iPhone14,5",18.7.3,92.7,303.0,929.0
id6738109752,IOS,"iPhone14,2",17.7,92.9,20.0,456.0
id6738109752,IOS,iPhoneXSMax,17.5.1,92.9,16.0,123.0
id6738109752,IOS,"iPhone8,2",15.8.5,92.9,1280.0,1280.0
id6738109752,IOS,"iPhone15,3",18.0.1,93.3,99.0,99.0
id6738109752,IOS,"iPhone12,3",18.3.1,93.5,12.0,245.0
id6738109752,IOS,"iPhone14,2",16.1.1,93.8,15.0,68.0
id6738109752,IOS,"iPhone15,2",18.2,93.8,42.0,136.0
id6738109752,IOS,"iPhone8,4",15.8.5,93.8,17.0,55.0
id6738109752,IOS,"iPhone12,5",18.3.2,93.9,11.0,47.0
id6738109752,IOS,iPhone,18.2.1,94.0,613.0,613.0
id6738109752,IOS,iPhone,17.3,94.1,388.0,388.0
id6738109752,IOS,"iPhone12,3",18.4.1,94.1,26.0,26.0
id6738109752,IOS,"iPhone16,1",18.4,94.1,83.0,83.0
id6738109752,IOS,iPad,15.5,94.1,175.0,175.0
id6738109752,IOS,iPhone17,26.0,94.2,998.0,998.0
id6738109752,IOS,"iPhone13,3",18.2,94.4,63.0,113.0
id6738109752,IOS,iPhone16e,18.6,94.4,129.0,136.0
id6738109752,IOS,"iPhone9,1",15.8.5,94.4,26.0,53.0
id6738109752,IOS,"iPhone11,8",16.0,94.4,17.0,114.0
id6738109752,IOS,"iPhone14,2",18.0.1,94.7,210.0,387.0
id6738109752,IOS,"iPhone16,2",18.7.3,94.8,17.0,30.0
id6738109752,IOS,"iPhone15,2",16.2,95.0,21.0,109.0
id6738109752,IOS,"iPhone10,1",16.7.10,95.0,37.0,37.0
id6738109752,IOS,"iPhone11,2",17.6.1,95.0,34.0,1252.0
id6738109752,IOS,iPad,17.3.1,95.0,11.0,174.0
id6738109752,IOS,"iPhone14,2",18.4.1,95.0,37.0,83.0
id6738109752,IOS,"iPhone13,4",17.5.1,95.1,16.0,707.0
id6738109752,IOS,"iPhone9,1",15.8.3,95.2,933.0,1096.0
id6738109752,IOS,"iPhone13,2",17.2.1,95.2,21.0,41.0
id6738109752,IOS,"iPhone14,2",18.0,95.5,569.0,569.0
id6738109752,IOS,"iPhone13,1",18.3.1,95.5,26.0,1364.0
id6738109752,IOS,iPhone,18.0.1,95.5,179.0,179.0
id6738109752,IOS,"iPhone15,4",18.7.1,95.5,48.0,219.0
id6738109752,IOS,"iPhone13,1",17.5.1,95.5,11.0,17.0
id6738109752,IOS,"iPhone16,2",18.3,95.5,751.0,902.0
id6738109752,IOS,"iPhone16,2",17.6.1,95.7,28.0,329.0
id6738109752,IOS,"iPhone15,5",17.6.1,95.7,751.0,806.0
id6738109752,IOS,"iPhone13,2",18.2,95.7,313.0,933.0
id6738109752,IOS,"iPhone13,2",18.0.1,95.8,22.0,58.0
id6738109752,IOS,"iPhone13,3",18.4.1,95.8,12.0,12.0
id6738109752,IOS,"iPhone15,3",18.2,95.8,30.0,30.0
id6738109752,IOS,"iPhone16,2",17.1.1,95.8,109.0,109.0
id6738109752,IOS,"iPhone13,2",16.6.1,96.0,240.0,347.0
id6738109752,IOS,iPhone,17.5.1,96.0,13.0,642.0
id6738109752,IOS,"iPhone14,4",26.0.1,96.0,306.0,306.0
id6738109752,IOS,"iPhone16,1",18.3.2,96.1,50.0,134.0
id6738109752,IOS,"iPhone13,1",18.5,96.1,29.0,100.0
id6738109752,IOS,"iPhone13,3",18.3.1,96.2,22.0,22.0
id6738109752,IOS,"iPhone15,2",18.6.1,96.2,11.0,21.0
id6738109752,IOS,"iPhone16,1",18.7.3,96.3,108.0,381.0
id6738109752,IOS,"iPhone13,1",26.2,96.3,14.0,253.0
id6738109752,IOS,"iPhone15,5",26.0,96.3,48.0,692.0
id6738109752,IOS,"iPhone12,1",18.0,96.3,52.0,207.0
id6738109752,IOS,"iPhone13,1",18.7.1,96.4,1113.0,1113.0
id6738109752,IOS,iPhone16ProMax,18.7,96.4,732.0,732.0
id6738109752,IOS,"iPhone11,8",18.7.1,96.5,13.0,51.0
id6738109752,IOS,"iPhone15,4",18.6,96.5,28.0,940.0
id6738109752,IOS,iPhone16e,26.4,96.6,152.0,278.0
id6738109752,IOS,"iPhone12,3",18.5,96.6,17.0,33.0
id6738109752,IOS,"iPhone11,2",18.7.2,96.6,146.0,292.0
id6738109752,IOS,"iPhone13,4",26.4,96.6,90.0,1232.0
id6738109752,IOS,"iPhone11,8",16.3.1,96.6,32.0,69.0
id6738109752,IOS,iPad,18.6.1,96.6,187.0,187.0
id6738109752,IOS,iPhone16Pro,18.6.2,96.7,19.0,168.0
id6738109752,IOS,"iPhone14,5",17.3.1,96.7,16.0,69.0
id6738109752,IOS,iPhone17Pro,26.0.1,96.7,11.0,42.0
id6738109752,IOS,iPhone16ProMax,18.7.1,96.7,20.0,197.0
id6738109752,IOS,"iPhone14,5",16.0,96.7,43.0,226.0
id6738109752,IOS,"iPhone11,8",18.3.2,96.7,17.0,186.0
id6738109752,IOS,"iPhone13,2",18.0,96.7,23.0,34.0
id6738109752,IOS,"iPhone13,2",26.0.1,96.8,55.0,221.0
id6738109752,IOS,"iPhone14,7",26.4,96.8,60.0,173.0
id6738109752,IOS,iPhone16ProMax,18.5,96.8,16.0,113.0
id6738109752,IOS,"iPhone14,8",18.7.1,96.8,33.0,799.0
id6738109752,IOS,"iPhone16,2",18.2.1,96.9,14.0,18.0
id6738109752,IOS,"iPhone14,3",18.7,96.9,31.0,39.0
id6738109752,IOS,"iPhone15,4",17.5.1,96.9,35.0,265.0
id6738109752,IOS,"iPhone13,2",26.0,97.0,181.0,652.0
id6738109752,IOS,"iPhone16,1",26.4,97.0,21.0,89.0
id6738109752,IOS,"iPhone12,3",26.2.1,97.0,48.0,629.0
id6738109752,IOS,"iPhone13,4",26.0.1,97.0,25.0,554.0
id6738109752,IOS,"iPhone12,1",17.4.1,97.0,22.0,218.0
id6738109752,IOS,iPhone17,26.0.1,97.1,474.0,474.0
id6738109752,IOS,"iPhone14,5",17.2.1,97.1,405.0,489.0
id6738109752,IOS,"iPhone14,7",18.6.1,97.1,82.0,303.0
id6738109752,IOS,"iPhone14,7",26.0,97.1,78.0,222.0
id6738109752,IOS,"iPhone9,1",15.8.4,97.1,13.0,146.0
id6738109752,IOS,"iPhone12,1",18.3,97.1,27.0,318.0
id6738109752,IOS,"iPhone12,8",26.2,97.1,28.0,127.0
id6738109752,IOS,iPhone16Pro,18.3.2,97.1,265.0,862.0
id6738109752,IOS,"iPhone12,5",26.4,97.1,67.0,89.0
id6738109752,IOS,"iPhone11,8",18.7.3,97.1,18.0,92.0
id6738109752,IOS,iPad,18.4.1,97.1,24.0,142.0
id6738109752,IOS,iPad,18.6,97.2,16.0,203.0
id6738109752,IOS,"iPhone15,2",18.6,97.2,23.0,206.0
id6738109752,IOS,"iPhone14,5",18.2,97.2,13.0,113.0
id6738109752,IOS,"iPhone12,1",17.5.1,97.2,12.0,102.0
id6738109752,IOS,"iPhone10,2",16.7.11,97.2,15.0,52.0
id6738109752,IOS,"iPhone14,7",18.7,97.3,230.0,1313.0
id6738109752,IOS,"iPhone14,5",17.5.1,97.3,18.0,100.0
id6738109752,IOS,"iPhone15,2",18.5,97.3,16.0,113.0
id6738109752,IOS,"iPhone13,2",17.6.1,97.3,30.0,220.0
id6738109752,IOS,iPhone16Pro,18.4.1,97.3,35.0,552.0
id6738109752,IOS,"iPhone16,1",18.1.1,97.3,64.0,832.0
id6738109752,IOS,"iPhone12,8",18.6.2,97.3,42.0,87.0
id6738109752,IOS,iPhoneAir,26.1,97.3,22.0,834.0
id6738109752,IOS,iPhone16ProMax,26.4,97.3,69.0,250.0
id6738109752,IOS,"iPhone12,1",16.6,97.3,13.0,15.0
id6738109752,IOS,"iPhone16,1",18.4.1,97.4,64.0,86.0
id6738109752,IOS,"iPhone10,3",16.7.12,97.4,32.0,105.0
id6738109752,IOS,"iPhone12,8",18.5,97.4,41.0,94.0
id6738109752,IOS,"iPhone14,4",26.1,97.4,37.0,331.0
id6738109752,IOS,iPhone16Pro,18.1,97.4,109.0,530.0
id6738109752,IOS,iPhone,18.6.2,97.4,62.0,326.0
id6738109752,IOS,iPhone16Plus,18.6.2,97.4,47.0,163.0
id6738109752,IOS,iPhone16ProMax,18.6,97.5,33.0,304.0
id6738109752,IOS,iPhone,26.1,97.5,24.0,94.0
id6738109752,IOS,iPhone16Pro,26.2,97.5,20.0,203.0
id6738109752,IOS,"iPhone16,1",18.6.2,97.5,15.0,229.0
id6738109752,IOS,"iPhone13,2",18.7,97.5,14.0,122.0
id6738109752,IOS,iPhone,18.3.1,97.5,11.0,408.0
id6738109752,IOS,"iPhone14,4",26.3,97.5,23.0,105.0
id6738109752,IOS,"iPhone14,6",26.1,97.5,58.0,58.0
id6738109752,IOS,iPhone16,18.6,97.5,13.0,68.0
id6738109752,IOS,"iPhone15,4",18.5,97.6,18.0,83.0
id6738109752,IOS,"iPhone14,7",18.6,97.6,28.0,64.0
id6738109752,IOS,iPad,18.1.1,97.6,17.0,17.0
id6738109752,IOS,iPhone16e,26.2,97.6,32.0,294.0
id6738109752,IOS,"iPhone10,1",16.7.14,97.6,20.0,98.0
id6738109752,IOS,"iPhone14,3",26.0,97.6,59.0,153.0
id6738109752,IOS,iPhone,26.2.1,97.6,21.0,216.0
id6738109752,IOS,iPhone16Pro,18.6.1,97.6,12.0,66.0
id6738109752,IOS,iPad,26.1,97.7,12.0,44.0
id6738109752,IOS,"iPhone11,2",18.7.5,97.7,31.0,218.0
id6738109752,IOS,"iPhone15,5",18.6.2,97.7,12.0,134.0
id6738109752,IOS,"iPhone13,3",26.1,97.7,12.0,119.0
id6738109752,IOS,iPhone,18.5,97.7,16.0,206.0
id6738109752,IOS,iPhone16,18.3.2,97.7,187.0,313.0
id6738109752,IOS,iPhone16,18.5,97.7,20.0,183.0
id6738109752,IOS,iPhone16ProMax,26.0,97.7,226.0,835.0
id6738109752,IOS,"iPhone16,1",18.7.1,97.7,12.0,41.0
id6738109752,IOS,"iPhone16,1",26.1,97.7,28.0,293.0
id6738109752,IOS,iPhone17Pro,26.4,97.7,17.0,199.0
id6738109752,IOS,"iPhone15,2",26.1,97.7,15.0,177.0
id6738109752,IOS,"iPhone11,2",18.7.4,97.7,15.0,51.0
id6738109752,IOS,"iPhone12,5",26.2.1,97.8,42.0,482.0
id6738109752,IOS,"iPhone15,3",17.6.1,97.8,46.0,1214.0
id6738109752,IOS,"iPhone13,4",18.5,97.8,83.0,170.0
id6738109752,IOS,"iPhone15,4",18.7.2,97.8,42.0,73.0
id6738109752,IOS,"iPhone15,4",18.1,97.8,13.0,643.0
id6738109752,IOS,"iPhone13,2",26.4,97.8,47.0,445.0
id6738109752,IOS,"iPhone15,2",26.0.1,97.8,11.0,65.0
id6738109752,IOS,iPhone,26.4,97.8,48.0,116.0
id6738109752,IOS,"iPhone13,3",26.2,97.8,20.0,194.0
id6738109752,IOS,"iPhone15,2",26.0,97.8,210.0,297.0
id6738109752,IOS,"iPhone16,2",26.0,97.8,16.0,61.0
id6738109752,IOS,"iPhone14,2",26.2,97.8,40.0,482.0
id6738109752,IOS,"iPhone12,1",18.6,97.8,16.0,101.0
id6738109752,IOS,iPhone17Pro,26.0,97.8,22.0,82.0
id6738109752,IOS,"iPhone15,4",26.1,97.8,11.0,129.0
id6738109752,IOS,"iPhone12,1",18.5,97.9,20.0,78.0
id6738109752,IOS,"iPhone16,2",18.5,97.9,17.0,110.0
id6738109752,IOS,iPad,16.7.12,97.9,13.0,39.0
id6738109752,IOS,iPhone16,26.4,97.9,12.0,102.0
id6738109752,IOS,"iPhone9,2",15.8.4,97.9,20.0,38.0
id6738109752,IOS,"iPhone14,7",18.3.1,97.9,11.0,70.0
id6738109752,IOS,"iPhone16,2",26.4,97.9,11.0,83.0
id6738109752,IOS,iPhone16Pro,26.4,97.9,13.0,81.0
id6738109752,IOS,"iPhone16,2",18.6,97.9,16.0,270.0
id6738109752,IOS,"iPhone13,3",18.6.2,97.9,29.0,152.0
id6738109752,IOS,iPhone16,26.2,98.0,18.0,207.0
id6738109752,IOS,"iPhone14,5",18.1.1,98.0,11.0,104.0
id6738109752,IOS,"iPhone16,1",18.5,98.0,17.0,233.0
id6738109752,IOS,iPhone16ProMax,18.4.1,98.0,12.0,435.0
id6738109752,IOS,"iPhone12,1",16.3.1,98.0,23.0,164.0
id6738109752,IOS,iPhone16Pro,26.2.1,98.0,21.0,159.0
id6738109752,IOS,iPhoneXSMax,18.7.3,98.0,28.0,53.0
id6738109752,IOS,"iPhone12,1",26.0.1,98.0,24.0,273.0
id6738109752,IOS,"iPhone16,2",18.6.2,98.0,12.0,115.0
id6738109752,IOS,"iPhone12,5",26.0.1,98.0,29.0,39.0
id6738109752,IOS,iPhone16e,18.6.2,98.0,20.0,59.0
id6738109752,IOS,iPhone16ProMax,18.3.2,98.0,40.0,464.0
id6738109752,IOS,"iPhone15,2",18.4.1,98.0,12.0,22.0
id6738109752,IOS,iPhone,26.3.1,98.1,30.0,193.0
id6738109752,IOS,"iPhone15,4",26.2.1,98.1,21.0,156.0
id6738109752,IOS,"iPhone12,1",18.1.1,98.1,11.0,43.0
id6738109752,IOS,"iPhone12,1",26.2,98.1,17.0,80.0
id6738109752,IOS,"iPhone11,8",18.7.4,98.1,26.0,146.0
id6738109752,IOS,iPhone16Pro,26.0,98.1,67.0,275.0
id6738109752,IOS,iPhone16ProMax,18.2.1,98.1,20.0,90.0
id6738109752,IOS,"iPhone12,1",18.4.1,98.1,127.0,382.0
id6738109752,IOS,iPhone,26.3,98.1,49.0,245.0
id6738109752,IOS,iPhone,16.7.12,98.1,282.0,1084.0
id6738109752,IOS,iPad,26.2.1,98.1,12.0,92.0
id6738109752,IOS,iPhone16,18.6.2,98.1,17.0,89.0
id6738109752,IOS,"iPhone15,4",18.6.2,98.1,18.0,130.0
id6738109752,IOS,"iPhone13,1",26.3,98.1,21.0,108.0
id6738109752,IOS,"iPhone13,4",18.7.2,98.1,21.0,59.0
id6738109752,IOS,"iPhone14,5",26.2,98.1,24.0,181.0
id6738109752,IOS,"iPhone15,4",26.4,98.1,16.0,50.0
id6738109752,IOS,iPhone,26.2,98.1,24.0,179.0
id6738109752,IOS,"iPhone13,4",18.1.1,98.1,13.0,52.0
id6738109752,IOS,"iPhone12,1",18.3.2,98.1,34.0,129.0
id6738109752,IOS,"iPhone14,2",26.2.1,98.2,38.0,313.0
id6738109752,IOS,"iPhone14,6",26.3.1,98.2,40.0,290.0
id6738109752,IOS,iPhone16Pro,18.5,98.2,20.0,103.0
id6738109752,IOS,"iPhone14,7",26.2,98.2,26.0,201.0
id6738109752,IOS,"iPhone15,3",26.0.1,98.2,49.0,179.0
id6738109752,IOS,"iPhone16,2",26.0.1,98.2,20.0,147.0
id6738109752,IOS,"iPhone16,2",26.2,98.2,24.0,277.0
id6738109752,IOS,"iPhone15,2",18.1.1,98.2,66.0,792.0
id6738109752,IOS,"iPhone12,5",18.6.2,98.2,13.0,51.0
id6738109752,IOS,iPhoneAir,26.4,98.2,21.0,153.0
id6738109752,IOS,"iPhone15,4",26.2,98.2,23.0,154.0
id6738109752,IOS,"iPhone15,3",26.1,98.2,21.0,107.0
id6738109752,IOS,iPhone16ProMax,26.0.1,98.2,20.0,59.0
id6738109752,IOS,"iPhone12,1",26.2.1,98.2,23.0,151.0
id6738109752,IOS,iPhone16Plus,26.1,98.2,228.0,507.0
id6738109752,IOS,"iPhone13,2",18.3.2,98.2,42.0,119.0
id6738109752,IOS,"iPhone15,4",26.3,98.2,15.0,118.0
id6738109752,IOS,"iPhone13,1",18.6.2,98.2,27.0,85.0
id6738109752,IOS,iPad,26.3,98.2,16.0,190.0
id6738109752,IOS,iPhone16ProMax,26.2,98.2,18.0,176.0
id6738109752,IOS,"iPhone13,3",18.5,98.2,21.0,64.0
id6738109752,IOS,"iPhone14,6",26.3,98.2,29.0,293.0
id6738109752,IOS,iPhone17,26.2,98.3,56.0,145.0
id6738109752,IOS,"iPhone14,5",18.6.2,98.3,24.0,130.0
id6738109752,IOS,"iPhone14,5",18.4,98.3,56.0,376.0
id6738109752,IOS,iPhone16Pro,26.3,98.3,15.0,117.0
id6738109752,IOS,iPhone,18.4.1,98.3,23.0,406.0
id6738109752,IOS,"iPhone12,3",18.7.1,98.3,17.0,175.0
id6738109752,IOS,"iPhone12,1",18.6.2,98.3,18.0,146.0
id6738109752,IOS,iPhone16,26.2.1,98.3,18.0,155.0
id6738109752,IOS,"iPhone11,8",18.3.1,98.3,43.0,112.0
id6738109752,IOS,"iPhone14,4",18.5,98.3,19.0,103.0
id6738109752,IOS,iPhone16ProMax,18.3.1,98.3,13.0,961.0
id6738109752,IOS,iPad,17.6.1,98.3,12.0,59.0
id6738109752,IOS,"iPhone13,4",18.6.2,98.3,11.0,37.0
id6738109752,IOS,iPad,18.7.1,98.4,21.0,399.0
id6738109752,IOS,"iPhone14,8",18.5,98.4,22.0,94.0
id6738109752,IOS,"iPhone14,2",18.3.2,98.4,15.0,217.0
id6738109752,IOS,"iPhone12,3",26.2,98.4,18.0,67.0
id6738109752,IOS,"iPhone12,1",18.3.1,98.4,14.0,151.0
id6738109752,IOS,iPhone17ProMax,26.4,98.4,11.0,85.0
id6738109752,IOS,"iPhone16,2",26.1,98.4,38.0,213.0
id6738109752,IOS,iPhoneAir,26.3,98.4,28.0,265.0
id6738109752,IOS,iPhone16,26.3,98.4,20.0,171.0
id6738109752,IOS,iPhone,18.7.5,98.4,12.0,12.0
id6738109752,IOS,iPad,18.5,98.4,13.0,122.0
id6738109752,IOS,"iPhone12,8",26.3,98.4,17.0,98.0
id6738109752,IOS,iPad,18.6.2,98.4,14.0,103.0
id6738109752,IOS,iPhone17Pro,26.2.1,98.4,36.0,276.0
id6738109752,IOS,"iPhone14,7",26.2.1,98.4,33.0,198.0
id6738109752,IOS,iPhone17,26.1,98.4,12.0,38.0
id6738109752,IOS,"iPhone14,3",18.3.1,98.4,24.0,79.0
id6738109752,IOS,"iPhone14,5",26.2.1,98.4,18.0,116.0
id6738109752,IOS,"iPhone14,3",26.2.1,98.4,13.0,148.0
id6738109752,IOS,iPhone,26.0,98.4,40.0,224.0
id6738109752,IOS,"iPhone13,3",18.7.2,98.4,75.0,302.0
id6738109752,IOS,"iPhone14,5",26.4,98.4,33.0,211.0
id6738109752,IOS,"iPhone14,7",26.3,98.5,17.0,152.0
id6738109752,IOS,"iPhone13,2",26.2,98.5,24.0,148.0
id6738109752,IOS,"iPhone14,5",18.5,98.5,13.0,94.0
id6738109752,IOS,iPhone17,26.3,98.5,20.0,141.0
id6738109752,IOS,"iPhone14,3",18.7.1,98.5,12.0,29.0
id6738109752,IOS,"iPhone16,1",26.3,98.5,21.0,146.0
id6738109752,IOS,"iPhone12,5",18.5,98.5,60.0,310.0
id6738109752,IOS,"iPhone13,2",18.5,98.5,18.0,107.0
id6738109752,IOS,iPhone,18.7,98.5,105.0,798.0
id6738109752,IOS,"iPhone13,3",26.3,98.5,13.0,111.0
id6738109752,IOS,"iPhone11,8",18.7.6,98.5,11.0,69.0
id6738109752,IOS,iPhone17Pro,26.3,98.5,22.0,158.0
id6738109752,IOS,"iPhone14,5",26.1,98.5,26.0,128.0
id6738109752,IOS,iPhone16ProMax,26.3,98.5,17.0,143.0
id6738109752,IOS,"iPhone15,2",26.2.1,98.5,13.0,116.0
id6738109752,IOS,iPhoneXSMax,18.7.5,98.5,11.0,177.0
id6738109752,IOS,"iPhone13,2",26.2.1,98.5,18.0,96.0
id6738109752,IOS,"iPhone14,5",26.3,98.5,18.0,102.0
id6738109752,IOS,"iPhone12,1",26.1,98.5,13.0,80.0
id6738109752,IOS,iPhone17ProMax,26.2.1,98.5,27.0,418.0
id6738109752,IOS,"iPhone11,2",18.7.6,98.5,59.0,199.0
id6738109752,IOS,"iPhone15,4",17.6.1,98.6,15.0,90.0
id6738109752,IOS,"iPhone15,5",26.2.1,98.6,29.0,184.0
id6738109752,IOS,"iPhone13,2",26.3,98.6,17.0,85.0
id6738109752,IOS,"iPhone15,3",26.2,98.6,17.0,259.0
id6738109752,IOS,"iPhone13,2",26.3.1,98.6,18.0,142.0
id6738109752,IOS,"iPhone15,2",26.3,98.6,19.0,151.0
id6738109752,IOS,iPhone16ProMax,26.2.1,98.6,15.0,127.0
id6738109752,IOS,"iPhone14,3",18.6.2,98.6,12.0,77.0
id6738109752,IOS,"iPhone10,3",16.7.11,98.6,20.0,344.0
id6738109752,IOS,"iPhone11,8",17.5.1,98.6,19.0,126.0
id6738109752,IOS,"iPhone15,4",18.3.2,98.6,12.0,147.0
id6738109752,IOS,iPhone16Plus,26.3,98.6,27.0,276.0
id6738109752,IOS,"iPhone14,7",18.5,98.6,20.0,118.0
id6738109752,IOS,"iPhone14,5",18.7.1,98.6,26.0,215.0
id6738109752,IOS,iPhone16ProMax,18.6.2,98.6,21.0,156.0
id6738109752,IOS,"iPhone12,3",18.6.2,98.6,18.0,52.0
id6738109752,IOS,"iPhone14,3",18.5,98.6,13.0,45.0
id6738109752,IOS,"iPhone14,2",18.5,98.6,31.0,199.0
id6738109752,IOS,"iPhone15,3",18.7.1,98.6,22.0,351.0
id6738109752,IOS,"iPhone16,2",26.3,98.7,18.0,117.0
id6738109752,IOS,"iPhone10,3",16.7.14,98.7,15.0,93.0
id6738109752,IOS,"iPhone16,1",26.2.1,98.7,12.0,73.0
id6738109752,IOS,iPhone16Pro,26.3.1,98.7,20.0,187.0
id6738109752,IOS,"iPhone15,5",26.3,98.7,28.0,129.0
id6738109752,IOS,"iPhone14,5",18.7.2,98.7,14.0,59.0
id6738109752,IOS,"iPhone16,2",26.2.1,98.7,23.0,147.0
id6738109752,IOS,iPhoneXSMax,18.7.4,98.7,23.0,87.0
id6738109752,IOS,"iPhone14,7",17.5.1,98.7,12.0,63.0
id6738109752,IOS,iPad,26.2,98.7,15.0,124.0
id6738109752,IOS,"iPhone14,8",26.3,98.7,15.0,83.0
id6738109752,IOS,"iPhone15,3",26.2.1,98.7,18.0,105.0
id6738109752,IOS,"iPhone14,7",26.1,98.7,23.0,188.0
id6738109752,IOS,"iPhone16,1",26.2,98.7,19.0,346.0
id6738109752,IOS,iPhone17Pro,26.2,98.8,15.0,58.0
id6738109752,IOS,"iPhone12,5",26.3.1,98.8,17.0,273.0
id6738109752,IOS,iPhone,18.7.2,98.8,89.0,519.0
id6738109752,IOS,"iPhone13,4",26.3,98.8,19.0,156.0
id6738109752,IOS,iPhone16Plus,26.2.1,98.8,19.0,122.0
id6738109752,IOS,iPhone17ProMax,26.3,98.8,18.0,175.0
id6738109752,IOS,"iPhone11,8",18.7.2,98.8,13.0,111.0
id6738109752,IOS,"iPhone14,5",18.3.2,98.8,11.0,49.0
id6738109752,IOS,iPhone17ProMax,26.2,98.8,30.0,206.0
id6738109752,IOS,iPhone16e,26.3,98.8,16.0,118.0
id6738109752,IOS,"iPhone13,4",26.2.1,98.8,24.0,131.0
id6738109752,IOS,"iPhone12,1",26.3,98.8,18.0,112.0
id6738109752,IOS,"iPhone14,2",26.3,98.8,18.0,158.0
id6738109752,IOS,iPhone17,26.2.1,98.8,23.0,451.0
id6738109752,IOS,"iPhone13,2",18.7.1,98.9,17.0,152.0
id6738109752,IOS,"iPhone15,3",18.5,98.9,13.0,107.0
id6738109752,IOS,iPhone16,26.3.1,98.9,20.0,185.0
id6738109752,IOS,"iPhone14,8",18.6.2,98.9,36.0,107.0
id6738109752,IOS,iPhone16ProMax,26.1,98.9,17.0,66.0
id6738109752,IOS,"iPhone14,2",18.7.2,98.9,27.0,971.0
id6738109752,IOS,"iPhone15,2",26.2,98.9,24.0,118.0
id6738109752,IOS,"iPhone15,3",26.3,98.9,16.0,123.0
id6738109752,IOS,iPad,26.3.1,98.9,20.0,150.0
id6738109752,IOS,"iPhone14,5",18.4.1,98.9,11.0,126.0
id6738109752,IOS,"iPhone11,8",18.7.5,98.9,24.0,141.0
id6738109752,IOS,"iPhone14,3",26.3,98.9,20.0,165.0
id6738109752,IOS,"iPhone12,5",26.3,98.9,24.0,140.0
id6738109752,IOS,"iPhone14,5",26.0,98.9,36.0,221.0
id6738109752,IOS,"iPhone15,4",26.3.1,98.9,18.0,165.0
id6738109752,IOS,iPhone17ProMax,26.0.1,98.9,45.0,294.0
id6738109752,IOS,"iPhone13,2",18.4.1,98.9,11.0,640.0
id6738109752,IOS,"iPhone12,1",16.1.1,98.9,13.0,49.0
id6738109752,IOS,"iPhone12,1",18.2,98.9,29.0,259.0
id6738109752,IOS,"iPhone12,1",26.0,98.9,41.0,167.0
id6738109752,IOS,iPhone,18.7.4,98.9,731.0,1218.0
id6738109752,IOS,iPhone16e,26.2.1,98.9,19.0,107.0
id6738109752,IOS,"iPhone10,2",16.7.12,99.0,19.0,57.0
id6738109752,IOS,iPhone16Plus,26.2,99.0,31.0,182.0
id6738109752,IOS,"iPhone12,1",26.3.1,99.0,18.0,120.0
id6738109752,IOS,"iPhone13,2",18.3.1,99.0,26.0,128.0
id6738109752,IOS,"iPhone14,4",26.2,99.0,111.0,901.0
id6738109752,IOS,"iPhone13,4",18.7.1,99.0,29.0,181.0
id6738109752,IOS,"iPhone15,4",26.0.1,99.0,18.0,85.0
id6738109752,IOS,"iPhone14,3",26.1,99.0,61.0,544.0
id6738109752,IOS,"iPhone14,5",26.3.1,99.0,20.0,129.0
id6738109752,IOS,"iPhone12,3",26.3,99.0,13.0,69.0
id6738109752,IOS,"iPhone12,1",18.7.1,99.0,37.0,217.0
id6738109752,IOS,"iPhone14,7",18.6.2,99.0,22.0,173.0
id6738109752,IOS,iPhone17,26.3.1,99.0,12.0,130.0
id6738109752,IOS,"iPhone10,2",16.7.14,99.0,18.0,153.0
id6738109752,IOS,"iPhone15,4",26.0,99.0,40.0,180.0
id6738109752,IOS,"iPhone14,6",26.2.1,99.0,211.0,782.0
id6738109752,IOS,"iPhone15,3",18.7.2,99.0,43.0,118.0
id6738109752,IOS,"iPhone15,3",18.6.2,99.0,24.0,142.0
id6738109752,IOS,iPhone16ProMax,26.3.1,99.1,19.0,126.0
id6738109752,IOS,"iPhone16,2",18.7.2,99.1,11.0,22.0
id6738109752,IOS,"iPhone13,2",18.6.2,99.1,28.0,148.0
id6738109752,IOS,"iPhone12,8",26.3.1,99.1,15.0,98.0
id6738109752,IOS,"iPhone13,4",26.3.1,99.1,16.0,180.0
id6738109752,IOS,"iPhone14,4",26.2.1,99.1,19.0,105.0
id6738109752,IOS,"iPhone16,2",26.3.1,99.1,19.0,124.0
id6738109752,IOS,"iPhone9,1",15.8.6,99.1,15.0,77.0
id6738109752,IOS,"iPhone13,3",26.3.1,99.1,19.0,168.0
id6738109752,IOS,"iPhone15,2",26.3.1,99.1,24.0,178.0
id6738109752,IOS,iPhone17Pro,26.3.1,99.1,26.0,282.0
id6738109752,IOS,"iPhone14,3",26.3.1,99.2,23.0,169.0
id6738109752,IOS,"iPhone13,2",18.7.2,99.2,37.0,54.0
id6738109752,IOS,iPhone16e,26.3.1,99.2,15.0,137.0
id6738109752,IOS,"iPhone14,7",26.3.1,99.2,14.0,116.0
id6738109752,IOS,iPhone,18.7.6,99.2,11.0,281.0
id6738109752,IOS,"iPhone14,3",17.6.1,99.2,37.0,93.0
id6738109752,IOS,iPad,18.3.2,99.2,30.0,71.0
id6738109752,IOS,"iPhone13,2",17.5.1,99.2,74.0,416.0
id6738109752,IOS,iPad,18.7.5,99.2,14.0,122.0
id6738109752,IOS,"iPhone14,7",26.0.1,99.2,36.0,240.0
id6738109752,IOS,"iPhone12,8",26.2.1,99.2,236.0,749.0
id6738109752,IOS,"iPhone13,4",26.2,99.3,23.0,105.0
id6738109752,IOS,"iPhone12,1",17.6.1,99.3,19.0,161.0
id6738109752,IOS,iPhoneXSMax,18.7.6,99.3,12.0,85.0
id6738109752,IOS,"iPhone12,3",26.3.1,99.3,14.0,119.0
id6738109752,IOS,"iPhone14,2",26.0.1,99.3,24.0,177.0
id6738109752,IOS,"iPhone14,8",26.2.1,99.3,27.0,250.0
id6738109752,IOS,"iPhone16,1",26.3.1,99.3,21.0,216.0
id6738109752,IOS,"iPhone14,2",26.3.1,99.3,15.0,137.0
id6738109752,IOS,iPhone16Plus,26.3.1,99.3,28.0,238.0
id6738109752,IOS,"iPhone9,2",15.8.6,99.3,17.0,164.0
id6738109752,IOS,"iPhone13,3",26.2.1,99.4,25.0,186.0
id6738109752,IOS,iPhoneAir,26.3.1,99.4,34.0,351.0
id6738109752,IOS,"iPhone13,2",26.1,99.4,13.0,55.0
id6738109752,IOS,"iPhone13,1",26.3.1,99.4,40.0,280.0
id6738109752,IOS,"iPhone15,2",18.6.2,99.4,28.0,201.0
id6738109752,IOS,iPhone17ProMax,26.3.1,99.4,27.0,205.0
id6738109752,IOS,"iPhone14,3",26.0.1,99.4,25.0,221.0
id6738109752,IOS,"iPhone15,3",26.3.1,99.4,24.0,165.0
id6738109752,IOS,"iPhone14,5",18.3.1,99.5,19.0,329.0
id6738109752,IOS,"iPhone11,8",18.5,99.5,27.0,89.0
id6738109752,IOS,"iPhone12,5",26.2,99.5,45.0,176.0
id6738109752,IOS,iPad,26.4,99.5,11.0,123.0
id6738109752,IOS,"iPhone15,2",26.4,99.5,45.0,149.0
id6738109752,IOS,"iPhone13,4",26.1,99.5,24.0,489.0
id6738109752,IOS,"iPhone14,8",26.2,99.6,25.0,317.0
id6738109752,IOS,"iPhone12,1",18.7.2,99.7,41.0,147.0
id6738109752,IOS,"iPhone14,8",26.3.1,99.7,20.0,100.0
id6738109752,IOS,"iPhone15,5",26.3.1,99.9,28.0,327.0
id6738109752,IOS,"iPhone14,6",16.1.2,100.0,830.0,1187.0
id6738109752,IOS,"iPhone13,4",18.0.1,100.0,22.0,344.0
id6738109752,IOS,"iPhone11,8",18.0.1,100.0,53.0,289.0
id6738109752,IOS,"iPhone14,5",18.7,100.0,16.0,47.0
id6738109752,IOS,"iPhone15,5",18.1.1,100.0,19.0,27.0
id6738109752,IOS,"iPhone13,2",17.7,100.0,17.0,810.0
id6738109752,IOS,"iPhone13,3",18.1,100.0,18.0,43.0
id6738109752,IOS,iPad,16.6,100.0,61.0,166.0
id6738109752,IOS,"iPhone14,6",18.3.1,100.0,55.0,85.0
id6738109752,IOS,"iPhone14,7",16.2,100.0,62.0,626.0
id6738109752,IOS,"iPhone12,1",17.0.3,100.0,13.0,35.0
id6738109752,IOS,"iPhone16,1",17.1.1,100.0,146.0,312.0
id6738109752,IOS,iPhone16Plus,18.5,100.0,25.0,250.0
id6738109752,IOS,"iPhone13,4",17.4.1,100.0,232.0,1140.0
id6738109752,IOS,"iPhone12,5",26.1,100.0,55.0,74.0
id6738109752,IOS,"iPhone15,2",18.0.1,100.0,13.0,90.0
id6738109752,IOS,"iPhone14,2",18.6,100.0,16.0,189.0
id6738109752,IOS,"iPhone15,3",18.3.2,100.0,43.0,152.0
id6738109752,IOS,iPhone16Pro,18.6,100.0,14.0,534.0
id6738109752,IOS,"iPhone15,2",16.1.1,100.0,20.0,20.0
id6738109752,IOS,"iPhone13,2",16.1.2,100.0,75.0,563.0
id6738109752,IOS,"iPhone8,2",15.8.6,100.0,495.0,964.0
id6738109752,IOS,"iPhone14,8",18.1.1,100.0,43.0,532.0
id6738109752,IOS,iPhone16e,18.7.2,100.0,706.0,706.0
id6738109752,IOS,"iPhone12,1",16.0,100.0,80.0,403.0
id6738109752,IOS,"iPhone14,2",26.4,100.0,31.0,208.0
id6738109752,IOS,"iPhone15,3",16.3.1,100.0,43.0,106.0
id6738109752,IOS,iPhone16e,26.1,100.0,41.0,280.0
id6738109752,IOS,"iPhone14,6",16.1,100.0,168.0,168.0
id6738109752,IOS,"iPhone15,5",18.3.1,100.0,50.0,126.0
id6738109752,IOS,"iPhone10,1",16.7.11,100.0,475.0,595.0
id6738109752,IOS,"iPhone16,1",17.4.1,100.0,124.0,263.0
id6738109752,IOS,"iPhone15,2",18.4,100.0,38.0,49.0
id6738109752,IOS,iPhoneXSMax,18.6.2,100.0,22.0,52.0
id6738109752,IOS,"iPhone13,4",18.0,100.0,369.0,410.0
id6738109752,IOS,iPhone16e,18.7.1,100.0,171.0,171.0
id6738109752,IOS,"iPhone12,5",16.1.1,100.0,26.0,183.0
id6738109752,IOS,"iPhone13,2",17.4.1,100.0,87.0,87.0
id6738109752,IOS,"iPhone9,2",15.8.5,100.0,27.0,208.0
id6738109752,IOS,"iPhone12,8",17.6.1,100.0,307.0,673.0
id6738109752,IOS,"iPhone10,1",16.7.12,100.0,38.0,494.0
id6738109752,IOS,"iPhone14,7",16.6,100.0,267.0,267.0
id6738109752,IOS,"iPhone11,8",18.1,100.0,20.0,1304.0
id6738109752,IOS,"iPhone14,4",18.3.1,100.0,44.0,44.0
id6738109752,IOS,"iPhone12,1",17.2,100.0,16.0,16.0
id6738109752,IOS,"iPhone16,1",17.2.1,100.0,29.0,810.0
id6738109752,IOS,"iPhone12,1",18.1,100.0,14.0,89.0
id6738109752,IOS,"iPhone15,4",18.3.1,100.0,155.0,433.0
id6738109752,IOS,"iPhone14,6",18.6.2,100.0,40.0,351.0
id6738109752,IOS,"iPhone14,7",16.0,100.0,34.0,172.0
id6738109752,IOS,"iPhone11,2",16.6.1,100.0,84.0,84.0
id6738109752,IOS,iPad,17.1.1,100.0,499.0,499.0
id6738109752,IOS,"iPhone12,3",18.7.2,100.0,12.0,72.0
id6738109752,IOS,"iPhone14,3",17.7,100.0,157.0,167.0
id6738109752,IOS,"iPhone11,8",16.1.2,100.0,126.0,126.0
id6738109752,IOS,"iPhone12,3",17.5.1,100.0,14.0,15.0
id6738109752,IOS,"iPhone14,8",18.3.2,100.0,81.0,81.0
id6738109752,IOS,iPhone16Plus,18.4.1,100.0,205.0,205.0
id6738109752,IOS,"iPhone14,4",18.6,100.0,14.0,172.0
id6738109752,IOS,"iPhone12,1",16.0.3,100.0,1165.0,1165.0
id6738109752,IOS,"iPhone14,3",18.1.1,100.0,11.0,108.0
id6738109752,IOS,iPad,16.6.1,100.0,17.0,41.0
id6738109752,IOS,"iPhone13,4",18.7,100.0,12.0,12.0
id6738109752,IOS,"iPhone14,6",16.2,100.0,168.0,1090.0
id6738109752,IOS,"iPhone15,4",17.2.1,100.0,40.0,172.0
id6738109752,IOS,"iPhone14,5",16.5.1,100.0,12.0,21.0
id6738109752,IOS,"iPhone12,8",18.6,100.0,11.0,11.0
id6738109752,IOS,"iPhone14,5",16.3,100.0,43.0,226.0
id6738109752,IOS,"iPhone12,5",17.5.1,100.0,109.0,133.0
id6738109752,IOS,"iPhone14,8",26.4,100.0,96.0,627.0
id6738109752,IOS,iPhone,16.1.1,100.0,412.0,832.0
id6738109752,IOS,iPhone16Plus,18.7.2,100.0,11.0,11.0
id6738109752,IOS,"iPhone16,1",17.6.1,100.0,12.0,157.0
id6738109752,IOS,"iPhone12,5",18.6,100.0,1194.0,1194.0
id6738109752,IOS,"iPhone11,2",18.5,100.0,12.0,18.0
id6738109752,IOS,"iPhone12,5",18.3.1,100.0,11.0,28.0
id6738109752,IOS,"iPhone13,4",17.7,100.0,472.0,472.0
id6738109752,IOS,iPhone16Plus,26.4,100.0,86.0,273.0
id6738109752,IOS,iPhone,18.3,100.0,104.0,146.0
id6738109752,IOS,"iPhone14,5",16.1.1,100.0,21.0,705.0
id6738109752,IOS,"iPhone13,2",16.1.1,100.0,18.0,58.0
id6738109752,IOS,"iPhone15,3",17.4.1,100.0,11.0,11.0
id6738109752,IOS,"iPhone11,8",18.4.1,100.0,13.0,21.0
id6738109752,IOS,"iPhone12,3",18.6,100.0,1009.0,1009.0
id6738109752,IOS,"iPhone12,3",26.0,100.0,236.0,340.0
id6738109752,IOS,"iPhone12,1",17.1.2,100.0,29.0,67.0
id6738109752,IOS,"iPhone12,8",17.5.1,100.0,214.0,214.0
id6738109752,IOS,iPhone16Plus,18.7.3,100.0,178.0,410.0
id6738109752,IOS,"iPhone14,5",18.3,100.0,13.0,324.0
id6738109752,IOS,iPhone16Pro,18.7.2,100.0,32.0,636.0
id6738109752,IOS,"iPhone10,2",16.7.10,100.0,28.0,747.0
id6738109752,IOS,"iPhone15,3",18.7,100.0,632.0,632.0
id6738109752,IOS,"iPhone14,3",18.2.1,100.0,149.0,149.0
id6738109752,IOS,"iPhone14,7",16.6.1,100.0,11.0,18.0
id6738109752,IOS,"iPhone14,2",18.2.1,100.0,20.0,53.0
id6738109752,IOS,"iPhone14,6",16.4.1,100.0,1189.0,1267.0
id6738109752,IOS,"iPhone14,5",18.6.1,100.0,21.0,53.0
id6738109752,IOS,iPhone16Plus,18.3.1,100.0,653.0,653.0
id6738109752,IOS,"iPhone14,2",18.1,100.0,574.0,629.0
id6738109752,IOS,"iPhone13,2",18.3,100.0,96.0,456.0
id6738109752,IOS,iPhoneXSMax,18.7.1,100.0,13.0,193.0
id6738109752,IOS,"iPhone15,4",18.3,100.0,256.0,256.0
id6738109752,IOS,"iPhone13,4",18.3.1,100.0,52.0,71.0
id6738109752,IOS,"iPhone12,1",26.4,100.0,17.0,119.0
id6738109752,IOS,"iPhone12,1",17.2.1,100.0,23.0,116.0
id6738109752,IOS,"iPhone14,7",17.7,100.0,13.0,33.0
id6738109752,IOS,iPad,17.7,100.0,34.0,34.0
id6738109752,IOS,"iPhone12,1",16.5.1,100.0,11.0,36.0
id6738109752,IOS,"iPhone14,5",16.1,100.0,35.0,226.0
id6738109752,IOS,"iPhone12,3",16.3.1,100.0,127.0,127.0
id6738109752,IOS,"iPhone13,3",16.3.1,100.0,11.0,79.0
id6738109752,IOS,iPad,18.2,100.0,70.0,70.0
id6738109752,IOS,"iPhone14,4",18.1.1,100.0,19.0,28.0
id6738109752,IOS,"iPhone15,2",17.2.1,100.0,220.0,549.0
id6738109752,IOS,iPhone16,18.7,100.0,16.0,26.0
id6738109752,IOS,"iPhone14,5",18.2.1,100.0,87.0,558.0
id6738109752,IOS,"iPhone13,3",17.5.1,100.0,21.0,71.0
id6738109752,IOS,"iPhone13,2",18.2.1,100.0,19.0,35.0
id6738109752,IOS,"iPhone13,3",18.0.1,100.0,214.0,447.0
id6738109752,IOS,iPhone16Pro,18.1.1,100.0,11.0,127.0
id6738109752,IOS,"iPhone12,1",17.7.1,100.0,12.0,20.0
id6738109752,IOS,"iPhone9,1",15.8.2,100.0,215.0,215.0
id6738109752,IOS,"iPhone14,6",16.1.1,100.0,86.0,830.0
id6738109752,IOS,"iPhone14,8",26.0.1,100.0,26.0,253.0
id6738109752,IOS,"iPhone12,3",26.1,100.0,91.0,410.0
id6738109752,IOS,"iPhone16,1",17.5.1,100.0,29.0,212.0
id6738109752,IOS,"iPhone15,3",18.3.1,100.0,13.0,367.0
id6738109752,IOS,"iPhone11,8",16.2,100.0,99.0,226.0
id6738109752,IOS,"iPhone15,4",18.7,100.0,99.0,387.0
id6738109752,IOS,iPhone16,18.2.1,100.0,14.0,83.0
id6738109752,IOS,iPhone16Plus,18.7.1,100.0,21.0,21.0
id6738109752,IOS,iPhone16Pro,18.2,100.0,14.0,52.0
id6738109752,IOS,"iPhone12,1",16.5,100.0,53.0,118.0
id6738109752,IOS,"iPhone11,8",17.6.1,100.0,15.0,26.0
id6738109752,IOS,"iPhone11,2",18.7.1,100.0,600.0,600.0
id6738109752,IOS,iPhone,18.4,100.0,259.0,736.0
id6738109752,IOS,"iPhone14,6",16.5,100.0,55.0,1172.0
id6738109752,IOS,"iPhone15,3",18.7.3,100.0,17.0,323.0
id6738109752,IOS,iPhone16,18.3.1,100.0,126.0,1293.0
id6738109752,IOS,"iPhone12,8",16.1.1,100.0,33.0,486.0
id6738109752,IOS,"iPhone13,2",18.4,100.0,39.0,411.0
id6738109752,IOS,"iPhone14,7",17.3.1,100.0,218.0,218.0
id6738109752,IOS,"iPhone12,8",17.7,100.0,42.0,42.0
id6738109752,IOS,"iPhone16,1",18.7.2,100.0,47.0,104.0
id6738109752,IOS,"iPhone13,1",18.3.2,100.0,13.0,20.0
id6738109752,IOS,"iPhone14,3",18.4.1,100.0,43.0,234.0
id6738109752,IOS,"iPhone14,5",17.7,100.0,89.0,355.0
id6738109752,IOS,"iPhone15,5",18.5,100.0,31.0,65.0
id6738109752,IOS,"iPhone16,1",18.7,100.0,18.0,149.0
id6738109752,IOS,"iPhone16,2",18.6.1,100.0,104.0,104.0
id6738109752,IOS,"iPhone15,3",16.2,100.0,78.0,103.0
id6738109752,IOS,"iPhone12,3",18.1.1,100.0,106.0,130.0
id6738109752,IOS,"iPhone14,3",18.0,100.0,41.0,41.0
id6738109752,IOS,"iPhone14,2",17.5.1,100.0,18.0,27.0
id6738109752,IOS,"iPhone15,3",26.0,100.0,14.0,51.0
id6738109752,IOS,"iPhone14,5",18.0,100.0,26.0,47.0
id6738109752,IOS,"iPhone15,4",18.2.1,100.0,11.0,17.0
id6738109752,IOS,"iPhone13,2",16.0,100.0,13.0,17.0
id6738109752,IOS,"iPhone14,6",16.3.1,100.0,439.0,1187.0
id6738109752,IOS,"iPhone14,8",18.7.2,100.0,368.0,693.0
id6738109752,IOS,"iPhone14,8",17.5.1,100.0,687.0,1405.0
id6738109752,IOS,"iPhone12,3",18.0,100.0,17.0,17.0
id6738109752,IOS,"iPhone13,4",16.6.1,100.0,206.0,949.0
id6738109752,IOS,"iPhone12,1",18.6.1,100.0,12.0,66.0
id6738109752,IOS,"iPhone14,6",18.5,100.0,27.0,130.0
id6738109752,IOS,"iPhone16,1",18.0.1,100.0,293.0,1126.0
id6738109752,IOS,"iPhone14,7",17.6.1,100.0,16.0,138.0
id6738109752,IOS,"iPhone13,2",18.1.1,100.0,14.0,159.0
id6738109752,IOS,"iPhone13,4",18.4.1,100.0,41.0,114.0
id6738109752,IOS,"iPhone14,8",17.6.1,100.0,13.0,77.0
id6738109752,IOS,iPhone16e,18.5,100.0,153.0,302.0
id6738109752,IOS,iPhone16Plus,26.0,100.0,721.0,721.0
id6738109752,IOS,"iPhone11,8",17.4.1,100.0,18.0,165.0
id6738109752,IOS,"iPhone11,8",16.6.1,100.0,1397.0,1397.0
id6738109752,IOS,"iPhone14,7",17.7.2,100.0,86.0,164.0
id6738109752,IOS,"iPhone14,5",17.6,100.0,457.0,457.0
id6738109752,IOS,"iPhone14,3",18.3.2,100.0,58.0,130.0
id6738109752,IOS,"iPhone14,5",17.1.2,100.0,15.0,21.0
id6738109752,IOS,"iPhone15,2",18.1,100.0,159.0,1188.0
id6738109752,IOS,"iPhone12,5",18.4.1,100.0,19.0,166.0
id6738109752,IOS,iPhone16e,18.3.2,100.0,254.0,342.0
id6738109752,IOS,"iPhone16,1",18.6.1,100.0,534.0,534.0
id6738109752,IOS,"iPhone14,5",17.4.1,100.0,25.0,162.0
id6738109752,IOS,"iPhone16,2",17.5,100.0,15.0,24.0
id6738109752,IOS,"iPhone9,1",15.8,100.0,818.0,818.0
id6738109752,IOS,iPad,18.2.1,100.0,423.0,423.0
id6738109752,IOS,"iPhone12,1",18.4,100.0,15.0,19.0
id6738109752,IOS,"iPhone14,5",16.0.3,100.0,43.0,705.0
id6738109752,IOS,"iPhone11,8",16.6,100.0,20.0,20.0
id6738109752,IOS,"iPhone12,1",17.6,100.0,18.0,362.0
id6738109752,IOS,"iPhone14,7",18.0.1,100.0,14.0,14.0
id6738109752,IOS,"iPhone14,2",18.4,100.0,1177.0,1177.0
id6738109752,IOS,"iPhone16,2",18.7,100.0,47.0,47.0
id6738109752,IOS,"iPhone15,3",18.3,100.0,436.0,702.0
id6738109752,IOS,"iPhone15,4",18.2,100.0,23.0,77.0
id6738109752,IOS,"iPhone11,8",18.0,100.0,22.0,24.0
id6739554561,IOS,"iPhone15,4",18.7.1,62.5,23.0,140.0
id6739554561,IOS,"iPhone12,1",26.2.1,84.8,11.0,49.0
id6739554561,IOS,"iPhone13,2",17.6.1,87.5,47.0,220.0
id6739554561,IOS,iPhone16Plus,26.2.1,90.0,21.0,47.0
id6739554561,IOS,iPhone16Plus,18.6.2,91.7,12.0,12.0
id6739554561,IOS,iPhone17ProMax,26.3,94.5,11.0,128.0
id6739554561,IOS,"iPhone14,6",26.1,95.0,25.0,55.0
id6739554561,IOS,"iPhone14,3",26.3.1,95.8,16.0,204.0
id6739554561,IOS,"iPhone14,5",26.2,98.4,26.0,51.0
id6739554561,IOS,"iPhone14,4",26.3.1,99.0,14.0,64.0
id6739554561,IOS,"iPhone16,1",18.6.2,100.0,21.0,32.0
id6739554561,IOS,"iPhone14,8",26.2.1,100.0,131.0,131.0
id6739554561,IOS,"iPhone14,4",26.2.1,100.0,13.0,13.0
id6749419759,IOS,"iPhone14,8",26.2,72.7,19.0,601.0
id6749419759,IOS,"iPhone16,1",18.5,81.8,16.0,19.0
id6749419759,IOS,"iPhone14,7",18.5,83.3,11.0,49.0
id6749419759,IOS,"iPhone14,7",26.2.1,91.3,15.0,174.0
id6749419759,IOS,iPhone,18.7.1,92.3,16.0,26.0
id6749419759,IOS,"iPhone14,5",26.2.1,93.1,18.0,346.0
id6749419759,IOS,iPhone17,26.3.1,95.5,12.0,69.0
id6749419759,IOS,"iPhone15,2",18.5,100.0,17.0,38.0
id6749527002,IOS,"iPhone10,2",16.7.10,10.0,47.0,47.0
id6749527002,IOS,iPad,26.1,21.9,11.0,284.0
id6749527002,IOS,"iPhone13,4",18.5,23.1,15.0,547.0
id6749527002,IOS,"iPhone13,2",18.6.2,23.5,14.0,16.0
id6749527002,IOS,"iPhone14,3",18.6.2,25.0,14.0,22.0
id6749527002,IOS,iPad,17.7.10,25.9,25.0,29.0
id6749527002,IOS,"iPhone14,7",18.6.2,30.4,11.0,246.0
id6749527002,IOS,"iPhone14,5",18.6.2,38.2,16.0,129.0
id6749527002,IOS,"iPhone13,4",26.2.1,44.4,24.0,452.0
id6749527002,IOS,"iPhone13,3",26.3.1,47.1,15.0,23.0
id6749527002,IOS,iPhone16,26.3.1,48.1,13.0,61.0
id6749527002,IOS,iPhone16e,26.3,58.8,12.0,21.0
id6749527002,IOS,iPhone17ProMax,26.1,84.6,22.0,74.0
id6757594307,IOS,iPhone16Pro,26.2,76.5,63.0,93.0
id6757594307,IOS,"iPhone14,7",26.2.1,81.8,938.0,938.0
id6757594307,IOS,"iPhone15,4",26.3,89.3,20.0,458.0
id6757594307,IOS,iPhone16ProMax,26.3,89.7,25.0,104.0
id6757594307,IOS,"iPhone15,4",26.2.1,91.7,198.0,458.0
id6757594307,IOS,"iPhone15,2",26.2.1,92.3,50.0,108.0
id6757594307,IOS,iPhone16ProMax,26.3.1,93.3,25.0,244.0
id6757594307,IOS,"iPhone14,7",26.3.1,93.8,13.0,232.0
id6757594307,IOS,"iPhone15,2",26.3.1,94.3,72.0,421.0
id6757594307,IOS,"iPhone16,1",26.3,96.9,78.0,238.0
id6757594307,IOS,"iPhone15,2",26.3,100.0,15.0,421.0
id6757594307,IOS,"iPhone14,8",26.3,100.0,128.0,193.0
id6757594307,IOS,iPhone16,26.3.1,100.0,41.0,110.0
id6757594307,IOS,"iPhone16,1",26.3.1,100.0,69.0,297.0
